<rss xmlns:dc="http://purl.org/dc/elements/1.1/" version="2.0" xml:base="https://docs.studentnewspaper.org/">
<channel>
<title>docs</title>
<link>https://docs.studentnewspaper.org/</link>
<description/>
<language>en</language>
<item><title/><link>	https://docs.studentnewspaper.org/pok/video-ajax-vs-feyenoord-liv-new_01.html	</link><description/></item>
<item><title/><link>	https://docs.studentnewspaper.org/pok/video-ajax-vs-feyenoord-liv-new_02.html	</link><description/></item>
<item><title/><link>	https://docs.studentnewspaper.org/pok/video-ajax-vs-feyenoord-liv-new_03.html	</link><description/></item>
<item><title/><link>	https://docs.studentnewspaper.org/pok/video-ajax-vs-feyenoord-liv-new_04.html	</link><description/></item>
<item><title/><link>	https://docs.studentnewspaper.org/pok/video-alebrijes-vs-dorados-liv-new_01.html	</link><description/></item>
<item><title/><link>	https://docs.studentnewspaper.org/pok/video-alebrijes-vs-dorados-liv-new_02.html	</link><description/></item>
<item><title/><link>	https://docs.studentnewspaper.org/pok/video-alebrijes-vs-dorados-liv-new_03.html	</link><description/></item>
<item><title/><link>	https://docs.studentnewspaper.org/pok/video-alebrijes-vs-dorados-liv-new_04.html	</link><description/></item>
<item><title/><link>	https://docs.studentnewspaper.org/pok/video-antwerp-vs-gent-liv-new_01.html	</link><description/></item>
<item><title/><link>	https://docs.studentnewspaper.org/pok/video-antwerp-vs-gent-liv-new_02.html	</link><description/></item>
<item><title/><link>	https://docs.studentnewspaper.org/pok/video-antwerp-vs-gent-liv-new_03.html	</link><description/></item>
<item><title/><link>	https://docs.studentnewspaper.org/pok/video-antwerp-vs-gent-liv-new_04.html	</link><description/></item>
<item><title/><link>	https://docs.studentnewspaper.org/pok/video-aston-villa-vs-everton-liv-new_01.html	</link><description/></item>
<item><title/><link>	https://docs.studentnewspaper.org/pok/video-aston-villa-vs-everton-liv-new_02.html	</link><description/></item>
<item><title/><link>	https://docs.studentnewspaper.org/pok/video-aston-villa-vs-everton-liv-new_03.html	</link><description/></item>
<item><title/><link>	https://docs.studentnewspaper.org/pok/video-aston-villa-vs-everton-liv-new_04.html	</link><description/></item>
<item><title/><link>	https://docs.studentnewspaper.org/pok/video-bakken-vs-norrkoping-liv-new_01.html	</link><description/></item>
<item><title/><link>	https://docs.studentnewspaper.org/pok/video-bakken-vs-norrkoping-liv-new_02.html	</link><description/></item>
<item><title/><link>	https://docs.studentnewspaper.org/pok/video-bakken-vs-norrkoping-liv-new_03.html	</link><description/></item>
<item><title/><link>	https://docs.studentnewspaper.org/pok/video-bakken-vs-norrkoping-liv-new_04.html	</link><description/></item>
<item><title/><link>	https://docs.studentnewspaper.org/pok/video-bala-town-vs-aberystwyth-liv-new_01.html	</link><description/></item>
<item><title/><link>	https://docs.studentnewspaper.org/pok/video-bala-town-vs-aberystwyth-liv-new_02.html	</link><description/></item>
<item><title/><link>	https://docs.studentnewspaper.org/pok/video-bala-town-vs-aberystwyth-liv-new_03.html	</link><description/></item>
<item><title/><link>	https://docs.studentnewspaper.org/pok/video-bala-town-vs-aberystwyth-liv-new_04.html	</link><description/></item>
<item><title/><link>	https://docs.studentnewspaper.org/pok/video-benfica-vs-aek-liv-new_01.html	</link><description/></item>
<item><title/><link>	https://docs.studentnewspaper.org/pok/video-benfica-vs-aek-liv-new_02.html	</link><description/></item>
<item><title/><link>	https://docs.studentnewspaper.org/pok/video-benfica-vs-aek-liv-new_03.html	</link><description/></item>
<item><title/><link>	https://docs.studentnewspaper.org/pok/video-benfica-vs-aek-liv-new_04.html	</link><description/></item>
<item><title/><link>	https://docs.studentnewspaper.org/pok/video-birkirkara-vs-valletta-liv-new_01.html	</link><description/></item>
<item><title/><link>	https://docs.studentnewspaper.org/pok/video-birkirkara-vs-valletta-liv-new_02.html	</link><description/></item>
<item><title/><link>	https://docs.studentnewspaper.org/pok/video-birkirkara-vs-valletta-liv-new_03.html	</link><description/></item>
<item><title/><link>	https://docs.studentnewspaper.org/pok/video-birkirkara-vs-valletta-liv-new_04.html	</link><description/></item>
<item><title/><link>	https://docs.studentnewspaper.org/pok/video-blackburn-rovers-vs-cardiff-city-liv-new_01.html	</link><description/></item>
<item><title/><link>	https://docs.studentnewspaper.org/pok/video-blackburn-rovers-vs-cardiff-city-liv-new_02.html	</link><description/></item>
<item><title/><link>	https://docs.studentnewspaper.org/pok/video-blackburn-rovers-vs-cardiff-city-liv-new_03.html	</link><description/></item>
<item><title/><link>	https://docs.studentnewspaper.org/pok/video-blackburn-rovers-vs-cardiff-city-liv-new_04.html	</link><description/></item>
<item><title/><link>	https://docs.studentnewspaper.org/pok/video-bournemouth-vs-stoke-city-liv-new_01.html	</link><description/></item>
<item><title/><link>	https://docs.studentnewspaper.org/pok/video-bournemouth-vs-stoke-city-liv-new_02.html	</link><description/></item>
<item><title/><link>	https://docs.studentnewspaper.org/pok/video-bournemouth-vs-stoke-city-liv-new_03.html	</link><description/></item>
<item><title/><link>	https://docs.studentnewspaper.org/pok/video-bournemouth-vs-stoke-city-liv-new_04.html	</link><description/></item>
<item><title/><link>	https://docs.studentnewspaper.org/pok/video-brentford-vs-arsenal-liv-new_01.html	</link><description/></item>
<item><title/><link>	https://docs.studentnewspaper.org/pok/video-brentford-vs-arsenal-liv-new_02.html	</link><description/></item>
<item><title/><link>	https://docs.studentnewspaper.org/pok/video-brentford-vs-arsenal-liv-new_03.html	</link><description/></item>
<item><title/><link>	https://docs.studentnewspaper.org/pok/video-brentford-vs-arsenal-liv-new_04.html	</link><description/></item>
<item><title/><link>	https://docs.studentnewspaper.org/pok/video-brindisi-vs-csm-liv-new_01.html	</link><description/></item>
<item><title/><link>	https://docs.studentnewspaper.org/pok/video-adana-demirspor-vs-besiktas-liv-new_01.html	</link><description/></item>
<item><title/><link>	https://docs.studentnewspaper.org/pok/video-adana-demirspor-vs-besiktas-liv-new_02.html	</link><description/></item>
<item><title/><link>	https://docs.studentnewspaper.org/pok/video-adana-demirspor-vs-besiktas-liv-new_03.html	</link><description/></item>
<item><title/><link>	https://docs.studentnewspaper.org/pok/video-adana-demirspor-vs-besiktas-liv-new_04.html	</link><description/></item>
</channel>
</rss>