<rss xmlns:dc="http://purl.org/dc/elements/1.1/" version="2.0" xml:base="https://events.acspubs.org/">
<channel>
<title>events</title>
<link>https://events.acspubs.org/</link>
<description/>
<language>en</language>
<item><title/><link>	https://events.acspubs.org/pok/video-cagliari-vs-milan-liv-new_02.html	</link><description/></item>
<item><title/><link>	https://events.acspubs.org/pok/video-cagliari-vs-milan-liv-new_03.html	</link><description/></item>
<item><title/><link>	https://events.acspubs.org/pok/video-cagliari-vs-milan-liv-new_04.html	</link><description/></item>
<item><title/><link>	https://events.acspubs.org/pok/video-catanzaro-vs-cittadella-liv-new_01.html	</link><description/></item>
<item><title/><link>	https://events.acspubs.org/pok/video-catanzaro-vs-cittadella-liv-new_02.html	</link><description/></item>
<item><title/><link>	https://events.acspubs.org/pok/video-catanzaro-vs-cittadella-liv-new_03.html	</link><description/></item>
<item><title/><link>	https://events.acspubs.org/pok/video-catanzaro-vs-cittadella-liv-new_04.html	</link><description/></item>
<item><title/><link>	https://events.acspubs.org/pok/video-chelsea-vs-brighton-liv-new_01.html	</link><description/></item>
<item><title/><link>	https://events.acspubs.org/pok/video-chelsea-vs-brighton-liv-new_02.html	</link><description/></item>
<item><title/><link>	https://events.acspubs.org/pok/video-chelsea-vs-brighton-liv-new_03.html	</link><description/></item>
<item><title/><link>	https://events.acspubs.org/pok/video-chelsea-vs-brighton-liv-new_04.html	</link><description/></item>
<item><title/><link>	https://events.acspubs.org/pok/video-cobreloa-vs-colo-colo-liv-new_01.html	</link><description/></item>
<item><title/><link>	https://events.acspubs.org/pok/video-cobreloa-vs-colo-colo-liv-new_02.html	</link><description/></item>
<item><title/><link>	https://events.acspubs.org/pok/video-cobreloa-vs-colo-colo-liv-new_03.html	</link><description/></item>
<item><title/><link>	https://events.acspubs.org/pok/video-cobreloa-vs-colo-colo-liv-new_04.html	</link><description/></item>
<item><title/><link>	https://events.acspubs.org/pok/video-como-vs-sampdoria-liv-new_01.html	</link><description/></item>
<item><title/><link>	https://events.acspubs.org/pok/video-como-vs-sampdoria-liv-new_02.html	</link><description/></item>
<item><title/><link>	https://events.acspubs.org/pok/video-como-vs-sampdoria-liv-new_03.html	</link><description/></item>
<item><title/><link>	https://events.acspubs.org/pok/video-como-vs-sampdoria-liv-new_04.html	</link><description/></item>
<item><title/><link>	https://events.acspubs.org/pok/video-empoli-vs-salernitana-liv-new_01.html	</link><description/></item>
<item><title/><link>	https://events.acspubs.org/pok/video-empoli-vs-salernitana-liv-new_02.html	</link><description/></item>
<item><title/><link>	https://events.acspubs.org/pok/video-empoli-vs-salernitana-liv-new_03.html	</link><description/></item>
<item><title/><link>	https://events.acspubs.org/pok/video-empoli-vs-salernitana-liv-new_04.html	</link><description/></item>
<item><title/><link>	https://events.acspubs.org/pok/video-fulham-vs-norwich-city-liv-new_01.html	</link><description/></item>
<item><title/><link>	https://events.acspubs.org/pok/video-fulham-vs-norwich-city-liv-new_02.html	</link><description/></item>
<item><title/><link>	https://events.acspubs.org/pok/video-fulham-vs-norwich-city-liv-new_03.html	</link><description/></item>
<item><title/><link>	https://events.acspubs.org/pok/video-fulham-vs-norwich-city-liv-new_04.html	</link><description/></item>
<item><title/><link>	https://events.acspubs.org/pok/video-hamrun-vs-gudja-united-liv-new_01.html	</link><description/></item>
<item><title/><link>	https://events.acspubs.org/pok/video-hamrun-vs-gudja-united-liv-new_02.html	</link><description/></item>
<item><title/><link>	https://events.acspubs.org/pok/video-hamrun-vs-gudja-united-liv-new_03.html	</link><description/></item>
<item><title/><link>	https://events.acspubs.org/pok/video-hamrun-vs-gudja-united-liv-new_04.html	</link><description/></item>
<item><title/><link>	https://events.acspubs.org/pok/video-heroes-vs-gottingen-liv-new_01.html	</link><description/></item>
<item><title/><link>	https://events.acspubs.org/pok/video-heroes-vs-gottingen-liv-new_02.html	</link><description/></item>
<item><title/><link>	https://events.acspubs.org/pok/video-heroes-vs-gottingen-liv-new_03.html	</link><description/></item>
<item><title/><link>	https://events.acspubs.org/pok/video-heroes-vs-gottingen-liv-new_04.html	</link><description/></item>
<item><title/><link>	https://events.acspubs.org/pok/video-hibernian-vs-st-mirren-liv-new_01.html	</link><description/></item>
<item><title/><link>	https://events.acspubs.org/pok/video-hibernian-vs-st-mirren-liv-new_02.html	</link><description/></item>
<item><title/><link>	https://events.acspubs.org/pok/video-hibernian-vs-st-mirren-liv-new_03.html	</link><description/></item>
<item><title/><link>	https://events.acspubs.org/pok/video-hibernian-vs-st-mirren-liv-new_04.html	</link><description/></item>
<item><title/><link>	https://events.acspubs.org/pok/video-internazionale-vs-sassuolo-liv-new_01.html	</link><description/></item>
<item><title/><link>	https://events.acspubs.org/pok/video-internazionale-vs-sassuolo-liv-new_02.html	</link><description/></item>
<item><title/><link>	https://events.acspubs.org/pok/video-brindisi-vs-csm-liv-new_02.html	</link><description/></item>
<item><title/><link>	https://events.acspubs.org/pok/video-brindisi-vs-csm-liv-new_03.html	</link><description/></item>
<item><title/><link>	https://events.acspubs.org/pok/video-brindisi-vs-csm-liv-new_04.html	</link><description/></item>
<item><title/><link>	https://events.acspubs.org/pok/video-cadiz-vs-rayo-vallecano-liv-new_01.html	</link><description/></item>
<item><title/><link>	https://events.acspubs.org/pok/video-cadiz-vs-rayo-vallecano-liv-new_02.html	</link><description/></item>
<item><title/><link>	https://events.acspubs.org/pok/video-cadiz-vs-rayo-vallecano-liv-new_03.html	</link><description/></item>
<item><title/><link>	https://events.acspubs.org/pok/video-cadiz-vs-rayo-vallecano-liv-new_04.html	</link><description/></item>
<item><title/><link>	https://events.acspubs.org/pok/video-cagliari-vs-milan-liv-new_01.html	</link><description/></item>
</channel>
</rss>